raion,brut_2025,salariati_2025
"Total",15594.5,652322
"mun. Chisinău",18707.8,336959
"Nord",12135,122592
"mun. Bălți",13700.2,37144
"Briceni",10773.2,7102
"Dondușeni",11447.6,4495
"Drochia",12128,8626
"Edineț",11386.8,11840
"Fălești",11248.3,8447
"Florești",11785.5,8736
"Glodeni",11279.5,5126
"Ocnița",11346.9,4736
"Rîșcani",11211.4,7849
"Sîngerei",11779.5,6966
"Soroca",11434.2,11525
"Centru",12501.4,111261
"Anenii Noi",12819.9,10942
"Călărași",11851.5,6338
"Criuleni",13045.4,8352
"Dubăsari",11830.2,3794
"Hîncești",12974.7,10897
"Ialoveni",12747.7,11299
"Nisporeni",10984.9,4932
"Orhei",12633.3,16625
"Rezina",12881.9,5756
"Strășeni",12800,9909
"Șoldanești",11447.8,3892
"Telenești",11430.8,4944
"Ungheni",12518.3,13582
"Sud",12199,57373
"Basarabeasca",11489.6,3280
"Cahul",13232.4,16891
"Cantemir",11634,4521
"Căușeni",11751.1,9467
"Cimișlia",11685.2,5732
"Leova",11531.3,4432
"Ștefan Vodă",12398.7,7212
"Taraclia",11536.4,5838
"U.T.A Găgăuzia",11323.2,22781
